"LOCATION","INDICATOR","SUBJECT","MEASURE","FREQUENCY","TIME","Value","Flag Codes"
"AUS","CPI","TOT","AGRWTH","A","2005",2.691832,
"AUS","CPI","TOT","AGRWTH","A","2006",3.555288,
"AUS","CPI","TOT","AGRWTH","A","2007",2.327611,
"AUS","CPI","TOT","AGRWTH","A","2008",4.350298,
"AUS","CPI","TOT","AGRWTH","A","2009",1.771117,
"AUS","CPI","TOT","AGRWTH","A","2010",2.91834,
"AUS","CPI","TOT","AGRWTH","A","2011",3.30385,
"AUS","CPI","TOT","AGRWTH","A","2012",1.76278,
"AUS","CPI","TOT","AGRWTH","A","2013",2.449889,
"AUS","CPI","TOT","AGRWTH","A","2014",2.487923,
"AUS","CPI","TOT","AGRWTH","A","2015",1.508367,
"AUS","CPI","TOT","AGRWTH","A","2016",1.276991,
"AUS","CPI","TOT","AGRWTH","A","2017",1.948647,
"AUS","CPI","TOT","AGRWTH","A","2018",1.911401,
"AUS","CPI","TOT","AGRWTH","A","2019",1.610768,
"AUT","CPI","TOT","AGRWTH","A","2005",2.299138,
"AUT","CPI","TOT","AGRWTH","A","2006",1.441547,
"AUT","CPI","TOT","AGRWTH","A","2007",2.168556,
"AUT","CPI","TOT","AGRWTH","A","2008",3.215951,
"AUT","CPI","TOT","AGRWTH","A","2009",0.5063094,
"AUT","CPI","TOT","AGRWTH","A","2010",1.813532,
"AUT","CPI","TOT","AGRWTH","A","2011",3.286583,
"AUT","CPI","TOT","AGRWTH","A","2012",2.485675,
"AUT","CPI","TOT","AGRWTH","A","2013",2.000158,
"AUT","CPI","TOT","AGRWTH","A","2014",1.605806,
"AUT","CPI","TOT","AGRWTH","A","2015",0.8965653,
"AUT","CPI","TOT","AGRWTH","A","2016",0.8915924,
"AUT","CPI","TOT","AGRWTH","A","2017",2.081269,
"AUT","CPI","TOT","AGRWTH","A","2018",1.998382,
"AUT","CPI","TOT","AGRWTH","A","2019",1.530896,
"BEL","CPI","TOT","AGRWTH","A","2005",2.781433,
"BEL","CPI","TOT","AGRWTH","A","2006",1.791208,
"BEL","CPI","TOT","AGRWTH","A","2007",1.823056,
"BEL","CPI","TOT","AGRWTH","A","2008",4.489444,
"BEL","CPI","TOT","AGRWTH","A","2009",-0.05314567,
"BEL","CPI","TOT","AGRWTH","A","2010",2.189299,
"BEL","CPI","TOT","AGRWTH","A","2011",3.532082,
"BEL","CPI","TOT","AGRWTH","A","2012",2.839664,
"BEL","CPI","TOT","AGRWTH","A","2013",1.113096,
"BEL","CPI","TOT","AGRWTH","A","2014",0.3400028,
"BEL","CPI","TOT","AGRWTH","A","2015",0.5614291,
"BEL","CPI","TOT","AGRWTH","A","2016",1.973853,
"BEL","CPI","TOT","AGRWTH","A","2017",2.125971,
"BEL","CPI","TOT","AGRWTH","A","2018",2.053165,
"BEL","CPI","TOT","AGRWTH","A","2019",1.43682,
"CAN","CPI","TOT","AGRWTH","A","2005",2.213552,
"CAN","CPI","TOT","AGRWTH","A","2006",2.002025,
"CAN","CPI","TOT","AGRWTH","A","2007",2.138384,
"CAN","CPI","TOT","AGRWTH","A","2008",2.370271,
"CAN","CPI","TOT","AGRWTH","A","2009",0.2994668,
"CAN","CPI","TOT","AGRWTH","A","2010",1.776872,
"CAN","CPI","TOT","AGRWTH","A","2011",2.912135,
"CAN","CPI","TOT","AGRWTH","A","2012",1.515678,
"CAN","CPI","TOT","AGRWTH","A","2013",0.9382919,
"CAN","CPI","TOT","AGRWTH","A","2014",1.906636,
"CAN","CPI","TOT","AGRWTH","A","2015",1.125241,
"CAN","CPI","TOT","AGRWTH","A","2016",1.42876,
"CAN","CPI","TOT","AGRWTH","A","2017",1.596884,
"CAN","CPI","TOT","AGRWTH","A","2018",2.268226,
"CAN","CPI","TOT","AGRWTH","A","2019",1.949269,
"CZE","CPI","TOT","AGRWTH","A","2005",1.857098,
"CZE","CPI","TOT","AGRWTH","A","2006",2.533993,
"CZE","CPI","TOT","AGRWTH","A","2007",2.853124,
"CZE","CPI","TOT","AGRWTH","A","2008",6.358664,
"CZE","CPI","TOT","AGRWTH","A","2009",1.019377,
"CZE","CPI","TOT","AGRWTH","A","2010",1.472727,
"CZE","CPI","TOT","AGRWTH","A","2011",1.917219,
"CZE","CPI","TOT","AGRWTH","A","2012",3.287623,
"CZE","CPI","TOT","AGRWTH","A","2013",1.438298,
"CZE","CPI","TOT","AGRWTH","A","2014",0.3439886,
"CZE","CPI","TOT","AGRWTH","A","2015",0.3093646,
"CZE","CPI","TOT","AGRWTH","A","2016",0.6835042,
"CZE","CPI","TOT","AGRWTH","A","2017",2.450534,
"CZE","CPI","TOT","AGRWTH","A","2018",2.149495,
"CZE","CPI","TOT","AGRWTH","A","2019",2.847876,
"DNK","CPI","TOT","AGRWTH","A","2005",1.817815,
"DNK","CPI","TOT","AGRWTH","A","2006",1.924221,
"DNK","CPI","TOT","AGRWTH","A","2007",1.693266,
"DNK","CPI","TOT","AGRWTH","A","2008",3.416268,
"DNK","CPI","TOT","AGRWTH","A","2009",1.30471,
"DNK","CPI","TOT","AGRWTH","A","2010",2.310924,
"DNK","CPI","TOT","AGRWTH","A","2011",2.758682,
"DNK","CPI","TOT","AGRWTH","A","2012",2.397915,
"DNK","CPI","TOT","AGRWTH","A","2013",0.7890718,
"DNK","CPI","TOT","AGRWTH","A","2014",0.5640205,
"DNK","CPI","TOT","AGRWTH","A","2015",0.4520341,
"DNK","CPI","TOT","AGRWTH","A","2016",0.25,
"DNK","CPI","TOT","AGRWTH","A","2017",1.147132,
"DNK","CPI","TOT","AGRWTH","A","2018",0.8136095,
"DNK","CPI","TOT","AGRWTH","A","2019",0.7581316,
"FIN","CPI","TOT","AGRWTH","A","2005",0.6238712,
"FIN","CPI","TOT","AGRWTH","A","2006",1.566667,
"FIN","CPI","TOT","AGRWTH","A","2007",2.510666,
"FIN","CPI","TOT","AGRWTH","A","2008",4.065952,
"FIN","CPI","TOT","AGRWTH","A","2009",-0.0000000000000122217,
"FIN","CPI","TOT","AGRWTH","A","2010",1.184135,
"FIN","CPI","TOT","AGRWTH","A","2011",3.416809,
"FIN","CPI","TOT","AGRWTH","A","2012",2.808332,
"FIN","CPI","TOT","AGRWTH","A","2013",1.478288,
"FIN","CPI","TOT","AGRWTH","A","2014",1.0412,
"FIN","CPI","TOT","AGRWTH","A","2015",-0.207932,
"FIN","CPI","TOT","AGRWTH","A","2016",0.3566845,
"FIN","CPI","TOT","AGRWTH","A","2017",0.754015,
"FIN","CPI","TOT","AGRWTH","A","2018",1.083821,
"FIN","CPI","TOT","AGRWTH","A","2019",1.024094,
"FRA","CPI","TOT","AGRWTH","A","2005",1.745869,
"FRA","CPI","TOT","AGRWTH","A","2006",1.675125,
"FRA","CPI","TOT","AGRWTH","A","2007",1.487998,
"FRA","CPI","TOT","AGRWTH","A","2008",2.812862,
"FRA","CPI","TOT","AGRWTH","A","2009",0.08762048,
"FRA","CPI","TOT","AGRWTH","A","2010",1.531123,
"FRA","CPI","TOT","AGRWTH","A","2011",2.111598,
"FRA","CPI","TOT","AGRWTH","A","2012",1.954195,
"FRA","CPI","TOT","AGRWTH","A","2013",0.8637155,
"FRA","CPI","TOT","AGRWTH","A","2014",0.5077588,
"FRA","CPI","TOT","AGRWTH","A","2015",0.03751438,
"FRA","CPI","TOT","AGRWTH","A","2016",0.1833349,
"FRA","CPI","TOT","AGRWTH","A","2017",1.032283,
"FRA","CPI","TOT","AGRWTH","A","2018",1.850815,
"FRA","CPI","TOT","AGRWTH","A","2019",1.108255,
"DEU","CPI","TOT","AGRWTH","A","2005",1.546911,
"DEU","CPI","TOT","AGRWTH","A","2006",1.577429,
"DEU","CPI","TOT","AGRWTH","A","2007",2.298341,
"DEU","CPI","TOT","AGRWTH","A","2008",2.628383,
"DEU","CPI","TOT","AGRWTH","A","2009",0.3127377,
"DEU","CPI","TOT","AGRWTH","A","2010",1.103809,
"DEU","CPI","TOT","AGRWTH","A","2011",2.075173,
"DEU","CPI","TOT","AGRWTH","A","2012",2.008491,
"DEU","CPI","TOT","AGRWTH","A","2013",1.504722,
"DEU","CPI","TOT","AGRWTH","A","2014",0.9067971,
"DEU","CPI","TOT","AGRWTH","A","2015",0.514421,
"DEU","CPI","TOT","AGRWTH","A","2016",0.4917486,
"DEU","CPI","TOT","AGRWTH","A","2017",1.509497,
"DEU","CPI","TOT","AGRWTH","A","2018",1.732168,
"DEU","CPI","TOT","AGRWTH","A","2019",1.445667,
"GRC","CPI","TOT","AGRWTH","A","2005",3.545073,
"GRC","CPI","TOT","AGRWTH","A","2006",3.195946,
"GRC","CPI","TOT","AGRWTH","A","2007",2.895001,
"GRC","CPI","TOT","AGRWTH","A","2008",4.152796,
"GRC","CPI","TOT","AGRWTH","A","2009",1.210074,
"GRC","CPI","TOT","AGRWTH","A","2010",4.712982,
"GRC","CPI","TOT","AGRWTH","A","2011",3.32987,
"GRC","CPI","TOT","AGRWTH","A","2012",1.50152,
"GRC","CPI","TOT","AGRWTH","A","2013",-0.922165,
"GRC","CPI","TOT","AGRWTH","A","2014",-1.311209,
"GRC","CPI","TOT","AGRWTH","A","2015",-1.736046,
"GRC","CPI","TOT","AGRWTH","A","2016",-0.8256576,
"GRC","CPI","TOT","AGRWTH","A","2017",1.121259,
"GRC","CPI","TOT","AGRWTH","A","2018",0.6256205,
"GRC","CPI","TOT","AGRWTH","A","2019",0.2529927,
"HUN","CPI","TOT","AGRWTH","A","2005",3.561517,
"HUN","CPI","TOT","AGRWTH","A","2006",3.930326,
"HUN","CPI","TOT","AGRWTH","A","2007",7.958745,
"HUN","CPI","TOT","AGRWTH","A","2008",6.042512,
"HUN","CPI","TOT","AGRWTH","A","2009",4.211712,
"HUN","CPI","TOT","AGRWTH","A","2010",4.855558,
"HUN","CPI","TOT","AGRWTH","A","2011",3.929921,
"HUN","CPI","TOT","AGRWTH","A","2012",5.652145,
"HUN","CPI","TOT","AGRWTH","A","2013",1.7332,
"HUN","CPI","TOT","AGRWTH","A","2014",-0.2275663,
"HUN","CPI","TOT","AGRWTH","A","2015",-0.06164468,
"HUN","CPI","TOT","AGRWTH","A","2016",0.3947693,
"HUN","CPI","TOT","AGRWTH","A","2017",2.348243,
"HUN","CPI","TOT","AGRWTH","A","2018",2.850248,
"HUN","CPI","TOT","AGRWTH","A","2019",3.338586,
"ISL","CPI","TOT","AGRWTH","A","2005",3.987048,
"ISL","CPI","TOT","AGRWTH","A","2006",6.687074,
"ISL","CPI","TOT","AGRWTH","A","2007",5.051564,
"ISL","CPI","TOT","AGRWTH","A","2008",12.6944,
"ISL","CPI","TOT","AGRWTH","A","2009",12.00312,
"ISL","CPI","TOT","AGRWTH","A","2010",5.396732,
"ISL","CPI","TOT","AGRWTH","A","2011",4.001026,
"ISL","CPI","TOT","AGRWTH","A","2012",5.1859,
"ISL","CPI","TOT","AGRWTH","A","2013",3.872275,
"ISL","CPI","TOT","AGRWTH","A","2014",2.044619,
"ISL","CPI","TOT","AGRWTH","A","2015",1.633058,
"ISL","CPI","TOT","AGRWTH","A","2016",1.69693,
"ISL","CPI","TOT","AGRWTH","A","2017",1.760413,
"ISL","CPI","TOT","AGRWTH","A","2018",2.682915,
"ISL","CPI","TOT","AGRWTH","A","2019",3.013977,
"IRL","CPI","TOT","AGRWTH","A","2005",2.429692,
"IRL","CPI","TOT","AGRWTH","A","2006",3.93164,
"IRL","CPI","TOT","AGRWTH","A","2007",4.897116,
"IRL","CPI","TOT","AGRWTH","A","2008",4.060305,
"IRL","CPI","TOT","AGRWTH","A","2009",-4.478103,
"IRL","CPI","TOT","AGRWTH","A","2010",-0.9220958,
"IRL","CPI","TOT","AGRWTH","A","2011",2.557189,
"IRL","CPI","TOT","AGRWTH","A","2012",1.696209,
"IRL","CPI","TOT","AGRWTH","A","2013",0.5087149,
"IRL","CPI","TOT","AGRWTH","A","2014",0.1825423,
"IRL","CPI","TOT","AGRWTH","A","2015",-0.2898791,
"IRL","CPI","TOT","AGRWTH","A","2016",0.008306338,
"IRL","CPI","TOT","AGRWTH","A","2017",0.3405316,
"IRL","CPI","TOT","AGRWTH","A","2018",0.4883702,
"IRL","CPI","TOT","AGRWTH","A","2019",0.9390445,
"ITA","CPI","TOT","AGRWTH","A","2005",1.985294,
"ITA","CPI","TOT","AGRWTH","A","2006",2.090843,
"ITA","CPI","TOT","AGRWTH","A","2007",1.829738,
"ITA","CPI","TOT","AGRWTH","A","2008",3.347834,
"ITA","CPI","TOT","AGRWTH","A","2009",0.7747682,
"ITA","CPI","TOT","AGRWTH","A","2010",1.525516,
"ITA","CPI","TOT","AGRWTH","A","2011",2.780633,
"ITA","CPI","TOT","AGRWTH","A","2012",3.041363,
"ITA","CPI","TOT","AGRWTH","A","2013",1.219992,
"ITA","CPI","TOT","AGRWTH","A","2014",0.2410575,
"ITA","CPI","TOT","AGRWTH","A","2015",0.03878675,
"ITA","CPI","TOT","AGRWTH","A","2016",-0.0940214,
"ITA","CPI","TOT","AGRWTH","A","2017",1.226533,
"ITA","CPI","TOT","AGRWTH","A","2018",1.137488,
"ITA","CPI","TOT","AGRWTH","A","2019",0.6112469,
"JPN","CPI","TOT","AGRWTH","A","2005",-0.2829461,
"JPN","CPI","TOT","AGRWTH","A","2006",0.2493551,
"JPN","CPI","TOT","AGRWTH","A","2007",0.06003945,
"JPN","CPI","TOT","AGRWTH","A","2008",1.380079,
"JPN","CPI","TOT","AGRWTH","A","2009",-1.352837,
"JPN","CPI","TOT","AGRWTH","A","2010",-0.7199794,
"JPN","CPI","TOT","AGRWTH","A","2011",-0.2676336,
"JPN","CPI","TOT","AGRWTH","A","2012",-0.05193906,
"JPN","CPI","TOT","AGRWTH","A","2013",0.3464403,
"JPN","CPI","TOT","AGRWTH","A","2014",2.761954,
"JPN","CPI","TOT","AGRWTH","A","2015",0.7895179,
"JPN","CPI","TOT","AGRWTH","A","2016",-0.1166667,
"JPN","CPI","TOT","AGRWTH","A","2017",0.4672118,
"JPN","CPI","TOT","AGRWTH","A","2018",0.9799037,
"JPN","CPI","TOT","AGRWTH","A","2019",0.4769737,
"KOR","CPI","TOT","AGRWTH","A","2005",2.75409,
"KOR","CPI","TOT","AGRWTH","A","2006",2.241847,
"KOR","CPI","TOT","AGRWTH","A","2007",2.534847,
"KOR","CPI","TOT","AGRWTH","A","2008",4.673796,
"KOR","CPI","TOT","AGRWTH","A","2009",2.756686,
"KOR","CPI","TOT","AGRWTH","A","2010",2.939181,
"KOR","CPI","TOT","AGRWTH","A","2011",4.025846,
"KOR","CPI","TOT","AGRWTH","A","2012",2.187221,
"KOR","CPI","TOT","AGRWTH","A","2013",1.301377,
"KOR","CPI","TOT","AGRWTH","A","2014",1.274715,
"KOR","CPI","TOT","AGRWTH","A","2015",0.7062082,
"KOR","CPI","TOT","AGRWTH","A","2016",0.9716747,
"KOR","CPI","TOT","AGRWTH","A","2017",1.944456,
"KOR","CPI","TOT","AGRWTH","A","2018",1.475862,
"KOR","CPI","TOT","AGRWTH","A","2019",0.3829461,
"LUX","CPI","TOT","AGRWTH","A","2005",2.487693,
"LUX","CPI","TOT","AGRWTH","A","2006",2.666315,
"LUX","CPI","TOT","AGRWTH","A","2007",2.312459,
"LUX","CPI","TOT","AGRWTH","A","2008",3.40188,
"LUX","CPI","TOT","AGRWTH","A","2009",0.368042,
"LUX","CPI","TOT","AGRWTH","A","2010",2.273679,
"LUX","CPI","TOT","AGRWTH","A","2011",3.410683,
"LUX","CPI","TOT","AGRWTH","A","2012",2.662842,
"LUX","CPI","TOT","AGRWTH","A","2013",1.73404,
"LUX","CPI","TOT","AGRWTH","A","2014",0.628544,
"LUX","CPI","TOT","AGRWTH","A","2015",0.4747432,
"LUX","CPI","TOT","AGRWTH","A","2016",0.2908333,
"LUX","CPI","TOT","AGRWTH","A","2017",1.7308,
"LUX","CPI","TOT","AGRWTH","A","2018",1.528195,
"LUX","CPI","TOT","AGRWTH","A","2019",1.743321,
"MEX","CPI","TOT","AGRWTH","A","2005",3.988061,
"MEX","CPI","TOT","AGRWTH","A","2006",3.629463,
"MEX","CPI","TOT","AGRWTH","A","2007",3.96685,
"MEX","CPI","TOT","AGRWTH","A","2008",5.124982,
"MEX","CPI","TOT","AGRWTH","A","2009",5.297357,
"MEX","CPI","TOT","AGRWTH","A","2010",4.156728,
"MEX","CPI","TOT","AGRWTH","A","2011",3.40738,
"MEX","CPI","TOT","AGRWTH","A","2012",4.111508,
"MEX","CPI","TOT","AGRWTH","A","2013",3.80639,
"MEX","CPI","TOT","AGRWTH","A","2014",4.018617,
"MEX","CPI","TOT","AGRWTH","A","2015",2.720641,
"MEX","CPI","TOT","AGRWTH","A","2016",2.821708,
"MEX","CPI","TOT","AGRWTH","A","2017",6.041456,
"MEX","CPI","TOT","AGRWTH","A","2018",4.899351,
"MEX","CPI","TOT","AGRWTH","A","2019",3.635961,
"NLD","CPI","TOT","AGRWTH","A","2005",1.68813,
"NLD","CPI","TOT","AGRWTH","A","2006",1.101501,
"NLD","CPI","TOT","AGRWTH","A","2007",1.613859,
"NLD","CPI","TOT","AGRWTH","A","2008",2.486502,
"NLD","CPI","TOT","AGRWTH","A","2009",1.189777,
"NLD","CPI","TOT","AGRWTH","A","2010",1.275306,
"NLD","CPI","TOT","AGRWTH","A","2011",2.34107,
"NLD","CPI","TOT","AGRWTH","A","2012",2.455548,
"NLD","CPI","TOT","AGRWTH","A","2013",2.506899,
"NLD","CPI","TOT","AGRWTH","A","2014",0.9760351,
"NLD","CPI","TOT","AGRWTH","A","2015",0.6002482,
"NLD","CPI","TOT","AGRWTH","A","2016",0.3166667,
"NLD","CPI","TOT","AGRWTH","A","2017",1.381459,
"NLD","CPI","TOT","AGRWTH","A","2018",1.703498,
"NLD","CPI","TOT","AGRWTH","A","2019",2.633699,
"NZL","CPI","TOT","AGRWTH","A","2005",3.037021,
"NZL","CPI","TOT","AGRWTH","A","2006",3.365404,
"NZL","CPI","TOT","AGRWTH","A","2007",2.376143,
"NZL","CPI","TOT","AGRWTH","A","2008",3.958944,
"NZL","CPI","TOT","AGRWTH","A","2009",2.115656,
"NZL","CPI","TOT","AGRWTH","A","2010",2.302026,
"NZL","CPI","TOT","AGRWTH","A","2011",4.027903,
"NZL","CPI","TOT","AGRWTH","A","2012",1.059918,
"NZL","CPI","TOT","AGRWTH","A","2013",1.134418,
"NZL","CPI","TOT","AGRWTH","A","2014",1.227513,
"NZL","CPI","TOT","AGRWTH","A","2015",0.2927033,
"NZL","CPI","TOT","AGRWTH","A","2016",0.6462373,
"NZL","CPI","TOT","AGRWTH","A","2017",1.850787,
"NZL","CPI","TOT","AGRWTH","A","2018",1.598298,
"NZL","CPI","TOT","AGRWTH","A","2019",1.619632,
"NOR","CPI","TOT","AGRWTH","A","2005",1.532134,
"NOR","CPI","TOT","AGRWTH","A","2006",2.32935,
"NOR","CPI","TOT","AGRWTH","A","2007",0.7125891,
"NOR","CPI","TOT","AGRWTH","A","2008",3.753931,
"NOR","CPI","TOT","AGRWTH","A","2009",2.197386,
"NOR","CPI","TOT","AGRWTH","A","2010",2.418906,
"NOR","CPI","TOT","AGRWTH","A","2011",1.284952,
"NOR","CPI","TOT","AGRWTH","A","2012",0.6968641,
"NOR","CPI","TOT","AGRWTH","A","2013",2.120486,
"NOR","CPI","TOT","AGRWTH","A","2014",2.041703,
"NOR","CPI","TOT","AGRWTH","A","2015",2.171137,
"NOR","CPI","TOT","AGRWTH","A","2016",3.55,
"NOR","CPI","TOT","AGRWTH","A","2017",1.875101,
"NOR","CPI","TOT","AGRWTH","A","2018",2.764831,
"NOR","CPI","TOT","AGRWTH","A","2019",2.16773,
"POL","CPI","TOT","AGRWTH","A","2005",2.133333,
"POL","CPI","TOT","AGRWTH","A","2006",1.033333,
"POL","CPI","TOT","AGRWTH","A","2007",2.491667,
"POL","CPI","TOT","AGRWTH","A","2008",4.216667,
"POL","CPI","TOT","AGRWTH","A","2009",3.45,
"POL","CPI","TOT","AGRWTH","A","2010",2.583333,
"POL","CPI","TOT","AGRWTH","A","2011",4.266667,
"POL","CPI","TOT","AGRWTH","A","2012",3.7,
"POL","CPI","TOT","AGRWTH","A","2013",0.9,
"POL","CPI","TOT","AGRWTH","A","2014",-0.025,
"POL","CPI","TOT","AGRWTH","A","2015",-0.9333333,
"POL","CPI","TOT","AGRWTH","A","2016",-0.5833333,
"POL","CPI","TOT","AGRWTH","A","2017",1.975,
"POL","CPI","TOT","AGRWTH","A","2018",1.666667,
"POL","CPI","TOT","AGRWTH","A","2019",2.308333,
"PRT","CPI","TOT","AGRWTH","A","2005",2.277164,
"PRT","CPI","TOT","AGRWTH","A","2006",3.107666,
"PRT","CPI","TOT","AGRWTH","A","2007",2.453965,
"PRT","CPI","TOT","AGRWTH","A","2008",2.588506,
"PRT","CPI","TOT","AGRWTH","A","2009",-0.83553,
"PRT","CPI","TOT","AGRWTH","A","2010",1.402573,
"PRT","CPI","TOT","AGRWTH","A","2011",3.653011,
"PRT","CPI","TOT","AGRWTH","A","2012",2.773339,
"PRT","CPI","TOT","AGRWTH","A","2013",0.2744167,
"PRT","CPI","TOT","AGRWTH","A","2014",-0.2781534,
"PRT","CPI","TOT","AGRWTH","A","2015",0.4879386,
"PRT","CPI","TOT","AGRWTH","A","2016",0.6073971,
"PRT","CPI","TOT","AGRWTH","A","2017",1.368614,
"PRT","CPI","TOT","AGRWTH","A","2018",0.9937157,
"PRT","CPI","TOT","AGRWTH","A","2019",0.3381784,
"SVK","CPI","TOT","AGRWTH","A","2005",2.709085,
"SVK","CPI","TOT","AGRWTH","A","2006",4.483331,
"SVK","CPI","TOT","AGRWTH","A","2007",2.756724,
"SVK","CPI","TOT","AGRWTH","A","2008",4.59818,
"SVK","CPI","TOT","AGRWTH","A","2009",1.615105,
"SVK","CPI","TOT","AGRWTH","A","2010",0.9570181,
"SVK","CPI","TOT","AGRWTH","A","2011",3.919286,
"SVK","CPI","TOT","AGRWTH","A","2012",3.606103,
"SVK","CPI","TOT","AGRWTH","A","2013",1.400474,
"SVK","CPI","TOT","AGRWTH","A","2014",-0.07616533,
"SVK","CPI","TOT","AGRWTH","A","2015",-0.3252198,
"SVK","CPI","TOT","AGRWTH","A","2016",-0.5200102,
"SVK","CPI","TOT","AGRWTH","A","2017",1.311946,
"SVK","CPI","TOT","AGRWTH","A","2018",2.514037,
"SVK","CPI","TOT","AGRWTH","A","2019",2.664561,
"ESP","CPI","TOT","AGRWTH","A","2005",3.368454,
"ESP","CPI","TOT","AGRWTH","A","2006",3.515375,
"ESP","CPI","TOT","AGRWTH","A","2007",2.78703,
"ESP","CPI","TOT","AGRWTH","A","2008",4.075661,
"ESP","CPI","TOT","AGRWTH","A","2009",-0.2879968,
"ESP","CPI","TOT","AGRWTH","A","2010",1.799881,
"ESP","CPI","TOT","AGRWTH","A","2011",3.196146,
"ESP","CPI","TOT","AGRWTH","A","2012",2.446,
"ESP","CPI","TOT","AGRWTH","A","2013",1.408546,
"ESP","CPI","TOT","AGRWTH","A","2014",-0.1508703,
"ESP","CPI","TOT","AGRWTH","A","2015",-0.5004613,
"ESP","CPI","TOT","AGRWTH","A","2016",-0.2026717,
"ESP","CPI","TOT","AGRWTH","A","2017",1.956083,
"ESP","CPI","TOT","AGRWTH","A","2018",1.675068,
"ESP","CPI","TOT","AGRWTH","A","2019",0.6995363,
"SWE","CPI","TOT","AGRWTH","A","2005",0.4531709,
"SWE","CPI","TOT","AGRWTH","A","2006",1.360215,
"SWE","CPI","TOT","AGRWTH","A","2007",2.212169,
"SWE","CPI","TOT","AGRWTH","A","2008",3.437049,
"SWE","CPI","TOT","AGRWTH","A","2009",-0.4944606,
"SWE","CPI","TOT","AGRWTH","A","2010",1.157988,
"SWE","CPI","TOT","AGRWTH","A","2011",2.961151,
"SWE","CPI","TOT","AGRWTH","A","2012",0.8883775,
"SWE","CPI","TOT","AGRWTH","A","2013",-0.04429297,
"SWE","CPI","TOT","AGRWTH","A","2014",-0.1796385,
"SWE","CPI","TOT","AGRWTH","A","2015",-0.04678474,
"SWE","CPI","TOT","AGRWTH","A","2016",0.9842693,
"SWE","CPI","TOT","AGRWTH","A","2017",1.794499,
"SWE","CPI","TOT","AGRWTH","A","2018",1.953535,
"SWE","CPI","TOT","AGRWTH","A","2019",1.784151,
"CHE","CPI","TOT","AGRWTH","A","2005",1.171951,
"CHE","CPI","TOT","AGRWTH","A","2006",1.059525,
"CHE","CPI","TOT","AGRWTH","A","2007",0.7323366,
"CHE","CPI","TOT","AGRWTH","A","2008",2.426048,
"CHE","CPI","TOT","AGRWTH","A","2009",-0.4804679,
"CHE","CPI","TOT","AGRWTH","A","2010",0.6882334,
"CHE","CPI","TOT","AGRWTH","A","2011",0.2313366,
"CHE","CPI","TOT","AGRWTH","A","2012",-0.6925458,
"CHE","CPI","TOT","AGRWTH","A","2013",-0.2173085,
"CHE","CPI","TOT","AGRWTH","A","2014",-0.01322916,
"CHE","CPI","TOT","AGRWTH","A","2015",-1.143901,
"CHE","CPI","TOT","AGRWTH","A","2016",-0.4346076,
"CHE","CPI","TOT","AGRWTH","A","2017",0.533796,
"CHE","CPI","TOT","AGRWTH","A","2018",0.9363133,
"CHE","CPI","TOT","AGRWTH","A","2019",0.362916,
"TUR","CPI","TOT","AGRWTH","A","2005",8.17916,
"TUR","CPI","TOT","AGRWTH","A","2006",9.597242,
"TUR","CPI","TOT","AGRWTH","A","2007",8.756181,
"TUR","CPI","TOT","AGRWTH","A","2008",10.44413,
"TUR","CPI","TOT","AGRWTH","A","2009",6.250977,
"TUR","CPI","TOT","AGRWTH","A","2010",8.566444,
"TUR","CPI","TOT","AGRWTH","A","2011",6.471879,
"TUR","CPI","TOT","AGRWTH","A","2012",8.89157,
"TUR","CPI","TOT","AGRWTH","A","2013",7.49309,
"TUR","CPI","TOT","AGRWTH","A","2014",8.854572,
"TUR","CPI","TOT","AGRWTH","A","2015",7.670854,
"TUR","CPI","TOT","AGRWTH","A","2016",7.775134,
"TUR","CPI","TOT","AGRWTH","A","2017",11.14431,
"TUR","CPI","TOT","AGRWTH","A","2018",16.33246,
"TUR","CPI","TOT","AGRWTH","A","2019",15.17682,
"GBR","CPI","TOT","AGRWTH","A","2005",2.1,
"GBR","CPI","TOT","AGRWTH","A","2006",2.5,
"GBR","CPI","TOT","AGRWTH","A","2007",2.4,
"GBR","CPI","TOT","AGRWTH","A","2008",3.5,
"GBR","CPI","TOT","AGRWTH","A","2009",2,
"GBR","CPI","TOT","AGRWTH","A","2010",2.5,
"GBR","CPI","TOT","AGRWTH","A","2011",3.8,
"GBR","CPI","TOT","AGRWTH","A","2012",2.6,
"GBR","CPI","TOT","AGRWTH","A","2013",2.3,
"GBR","CPI","TOT","AGRWTH","A","2014",1.5,
"GBR","CPI","TOT","AGRWTH","A","2015",0.4,
"GBR","CPI","TOT","AGRWTH","A","2016",1,
"GBR","CPI","TOT","AGRWTH","A","2017",2.6,
"GBR","CPI","TOT","AGRWTH","A","2018",2.3,
"GBR","CPI","TOT","AGRWTH","A","2019",1.7,
"USA","CPI","TOT","AGRWTH","A","2005",3.392747,
"USA","CPI","TOT","AGRWTH","A","2006",3.225944,
"USA","CPI","TOT","AGRWTH","A","2007",2.852673,
"USA","CPI","TOT","AGRWTH","A","2008",3.8391,
"USA","CPI","TOT","AGRWTH","A","2009",-0.3555463,
"USA","CPI","TOT","AGRWTH","A","2010",1.640043,
"USA","CPI","TOT","AGRWTH","A","2011",3.156842,
"USA","CPI","TOT","AGRWTH","A","2012",2.069337,
"USA","CPI","TOT","AGRWTH","A","2013",1.464833,
"USA","CPI","TOT","AGRWTH","A","2014",1.622223,
"USA","CPI","TOT","AGRWTH","A","2015",0.1186271,
"USA","CPI","TOT","AGRWTH","A","2016",1.261583,
"USA","CPI","TOT","AGRWTH","A","2017",2.13011,
"USA","CPI","TOT","AGRWTH","A","2018",2.442583,
"USA","CPI","TOT","AGRWTH","A","2019",1.81221,
"BRA","CPI","TOT","AGRWTH","A","2005",6.869537,
"BRA","CPI","TOT","AGRWTH","A","2006",4.183568,
"BRA","CPI","TOT","AGRWTH","A","2007",3.641273,
"BRA","CPI","TOT","AGRWTH","A","2008",5.678594,
"BRA","CPI","TOT","AGRWTH","A","2009",4.888035,
"BRA","CPI","TOT","AGRWTH","A","2010",5.038727,
"BRA","CPI","TOT","AGRWTH","A","2011",6.63645,
"BRA","CPI","TOT","AGRWTH","A","2012",5.403499,
"BRA","CPI","TOT","AGRWTH","A","2013",6.204311,
"BRA","CPI","TOT","AGRWTH","A","2014",6.32904,
"BRA","CPI","TOT","AGRWTH","A","2015",9.029901,
"BRA","CPI","TOT","AGRWTH","A","2016",8.739143,
"BRA","CPI","TOT","AGRWTH","A","2017",3.446373,
"BRA","CPI","TOT","AGRWTH","A","2018",3.66485,
"BRA","CPI","TOT","AGRWTH","A","2019",3.732976,
"CHL","CPI","TOT","AGRWTH","A","2005",3.052574,
"CHL","CPI","TOT","AGRWTH","A","2006",3.392019,
"CHL","CPI","TOT","AGRWTH","A","2007",4.407798,
"CHL","CPI","TOT","AGRWTH","A","2008",8.716269,
"CHL","CPI","TOT","AGRWTH","A","2009",0.3530467,
"CHL","CPI","TOT","AGRWTH","A","2010",1.410711,
"CHL","CPI","TOT","AGRWTH","A","2011",3.341217,
"CHL","CPI","TOT","AGRWTH","A","2012",3.007448,
"CHL","CPI","TOT","AGRWTH","A","2013",1.789556,
"CHL","CPI","TOT","AGRWTH","A","2014",4.718675,
"CHL","CPI","TOT","AGRWTH","A","2015",4.348773,
"CHL","CPI","TOT","AGRWTH","A","2016",3.786194,
"CHL","CPI","TOT","AGRWTH","A","2017",2.182719,
"CHL","CPI","TOT","AGRWTH","A","2018",2.43489,
"CHL","CPI","TOT","AGRWTH","A","2019",2.557545,
"CHN","CPI","TOT","AGRWTH","A","2005",1.8,
"CHN","CPI","TOT","AGRWTH","A","2006",1.5,
"CHN","CPI","TOT","AGRWTH","A","2007",4.8,
"CHN","CPI","TOT","AGRWTH","A","2008",5.9,
"CHN","CPI","TOT","AGRWTH","A","2009",-0.7,
"CHN","CPI","TOT","AGRWTH","A","2010",3.3,
"CHN","CPI","TOT","AGRWTH","A","2011",5.4,
"CHN","CPI","TOT","AGRWTH","A","2012",2.6,
"CHN","CPI","TOT","AGRWTH","A","2013",2.6,
"CHN","CPI","TOT","AGRWTH","A","2014",2,
"CHN","CPI","TOT","AGRWTH","A","2015",1.4,
"CHN","CPI","TOT","AGRWTH","A","2016",2,
"CHN","CPI","TOT","AGRWTH","A","2017",1.6,
"CHN","CPI","TOT","AGRWTH","A","2018",2.1,
"CHN","CPI","TOT","AGRWTH","A","2019",2.9,
"EST","CPI","TOT","AGRWTH","A","2005",4.079714,
"EST","CPI","TOT","AGRWTH","A","2006",4.437621,
"EST","CPI","TOT","AGRWTH","A","2007",6.601326,
"EST","CPI","TOT","AGRWTH","A","2008",10.36236,
"EST","CPI","TOT","AGRWTH","A","2009",-0.07840831,
"EST","CPI","TOT","AGRWTH","A","2010",2.972045,
"EST","CPI","TOT","AGRWTH","A","2011",4.981901,
"EST","CPI","TOT","AGRWTH","A","2012",3.9334,
"EST","CPI","TOT","AGRWTH","A","2013",2.780567,
"EST","CPI","TOT","AGRWTH","A","2014",-0.1061751,
"EST","CPI","TOT","AGRWTH","A","2015",-0.492326,
"EST","CPI","TOT","AGRWTH","A","2016",0.1486849,
"EST","CPI","TOT","AGRWTH","A","2017",3.417236,
"EST","CPI","TOT","AGRWTH","A","2018",3.436327,
"EST","CPI","TOT","AGRWTH","A","2019",2.277259,
"IND","CPI","TOT","AGRWTH","A","2005",4.246353,
"IND","CPI","TOT","AGRWTH","A","2006",5.796516,
"IND","CPI","TOT","AGRWTH","A","2007",6.372881,
"IND","CPI","TOT","AGRWTH","A","2008",8.349267,
"IND","CPI","TOT","AGRWTH","A","2009",10.88235,
"IND","CPI","TOT","AGRWTH","A","2010",11.98939,
"IND","CPI","TOT","AGRWTH","A","2011",8.858361,
"IND","CPI","TOT","AGRWTH","A","2012",9.312446,
"IND","CPI","TOT","AGRWTH","A","2013",10.90764,
"IND","CPI","TOT","AGRWTH","A","2014",6.353195,
"IND","CPI","TOT","AGRWTH","A","2015",5.872427,
"IND","CPI","TOT","AGRWTH","A","2016",4.941027,
"IND","CPI","TOT","AGRWTH","A","2017",2.490887,
"IND","CPI","TOT","AGRWTH","A","2018",4.8607,
"IND","CPI","TOT","AGRWTH","A","2019",7.659695,
"IDN","CPI","TOT","AGRWTH","A","2005",10.4532,
"IDN","CPI","TOT","AGRWTH","A","2006",13.10867,
"IDN","CPI","TOT","AGRWTH","A","2007",6.406562,
"IDN","CPI","TOT","AGRWTH","A","2008",10.22667,
"IDN","CPI","TOT","AGRWTH","A","2009",4.386416,
"IDN","CPI","TOT","AGRWTH","A","2010",5.134203,
"IDN","CPI","TOT","AGRWTH","A","2011",5.356048,
"IDN","CPI","TOT","AGRWTH","A","2012",4.279512,
"IDN","CPI","TOT","AGRWTH","A","2013",6.4125,
"IDN","CPI","TOT","AGRWTH","A","2014",6.394926,
"IDN","CPI","TOT","AGRWTH","A","2015",6.363121,
"IDN","CPI","TOT","AGRWTH","A","2016",3.525805,
"IDN","CPI","TOT","AGRWTH","A","2017",3.808798,
"IDN","CPI","TOT","AGRWTH","A","2018",3.198346,
"IDN","CPI","TOT","AGRWTH","A","2019",3.030587,
"ISR","CPI","TOT","AGRWTH","A","2005",1.309413,
"ISR","CPI","TOT","AGRWTH","A","2006",2.116833,
"ISR","CPI","TOT","AGRWTH","A","2007",0.4684074,
"ISR","CPI","TOT","AGRWTH","A","2008",4.592798,
"ISR","CPI","TOT","AGRWTH","A","2009",3.328907,
"ISR","CPI","TOT","AGRWTH","A","2010",2.707664,
"ISR","CPI","TOT","AGRWTH","A","2011",3.467381,
"ISR","CPI","TOT","AGRWTH","A","2012",1.684229,
"ISR","CPI","TOT","AGRWTH","A","2013",1.571392,
"ISR","CPI","TOT","AGRWTH","A","2014",0.4850309,
"ISR","CPI","TOT","AGRWTH","A","2015",-0.63249,
"ISR","CPI","TOT","AGRWTH","A","2016",-0.5443886,
"ISR","CPI","TOT","AGRWTH","A","2017",0.2442105,
"ISR","CPI","TOT","AGRWTH","A","2018",0.8148522,
"ISR","CPI","TOT","AGRWTH","A","2019",0.8415965,
"RUS","CPI","TOT","AGRWTH","A","2005",12.68531,
"RUS","CPI","TOT","AGRWTH","A","2006",9.668655,
"RUS","CPI","TOT","AGRWTH","A","2007",9.007296,
"RUS","CPI","TOT","AGRWTH","A","2008",14.11077,
"RUS","CPI","TOT","AGRWTH","A","2009",11.64733,
"RUS","CPI","TOT","AGRWTH","A","2010",6.849392,
"RUS","CPI","TOT","AGRWTH","A","2011",8.440471,
"RUS","CPI","TOT","AGRWTH","A","2012",5.074733,
"RUS","CPI","TOT","AGRWTH","A","2013",6.753717,
"RUS","CPI","TOT","AGRWTH","A","2014",7.823416,
"RUS","CPI","TOT","AGRWTH","A","2015",15.5344,
"RUS","CPI","TOT","AGRWTH","A","2016",7.042436,
"RUS","CPI","TOT","AGRWTH","A","2017",3.683334,
"RUS","CPI","TOT","AGRWTH","A","2018",2.878305,
"RUS","CPI","TOT","AGRWTH","A","2019",4.470367,
"SVN","CPI","TOT","AGRWTH","A","2005",2.451501,
"SVN","CPI","TOT","AGRWTH","A","2006",2.457924,
"SVN","CPI","TOT","AGRWTH","A","2007",3.657496,
"SVN","CPI","TOT","AGRWTH","A","2008",5.647424,
"SVN","CPI","TOT","AGRWTH","A","2009",0.8392622,
"SVN","CPI","TOT","AGRWTH","A","2010",1.80117,
"SVN","CPI","TOT","AGRWTH","A","2011",1.802852,
"SVN","CPI","TOT","AGRWTH","A","2012",2.597414,
"SVN","CPI","TOT","AGRWTH","A","2013",1.769201,
"SVN","CPI","TOT","AGRWTH","A","2014",0.1993438,
"SVN","CPI","TOT","AGRWTH","A","2015",-0.5255523,
"SVN","CPI","TOT","AGRWTH","A","2016",-0.05499954,
"SVN","CPI","TOT","AGRWTH","A","2017",1.429107,
"SVN","CPI","TOT","AGRWTH","A","2018",1.738609,
"SVN","CPI","TOT","AGRWTH","A","2019",1.630523,
"ZAF","CPI","TOT","AGRWTH","A","2005",2.06285,
"ZAF","CPI","TOT","AGRWTH","A","2006",3.243906,
"ZAF","CPI","TOT","AGRWTH","A","2007",6.177805,
"ZAF","CPI","TOT","AGRWTH","A","2008",10.05529,
"ZAF","CPI","TOT","AGRWTH","A","2009",7.264562,
"ZAF","CPI","TOT","AGRWTH","A","2010",4.063539,
"ZAF","CPI","TOT","AGRWTH","A","2011",5.017158,
"ZAF","CPI","TOT","AGRWTH","A","2012",5.723944,
"ZAF","CPI","TOT","AGRWTH","A","2013",5.776404,
"ZAF","CPI","TOT","AGRWTH","A","2014",6.13602,
"ZAF","CPI","TOT","AGRWTH","A","2015",4.509208,
"ZAF","CPI","TOT","AGRWTH","A","2016",6.594604,
"ZAF","CPI","TOT","AGRWTH","A","2017",5.181082,
"ZAF","CPI","TOT","AGRWTH","A","2018",4.504578,
"ZAF","CPI","TOT","AGRWTH","A","2019",4.124351,
"OECD","CPI","TOT","AGRWTH","A","2005",2.629076,
"OECD","CPI","TOT","AGRWTH","A","2006",2.659683,
"OECD","CPI","TOT","AGRWTH","A","2007",2.540349,
"OECD","CPI","TOT","AGRWTH","A","2008",3.723429,
"OECD","CPI","TOT","AGRWTH","A","2009",0.5419009,
"OECD","CPI","TOT","AGRWTH","A","2010",1.798875,
"OECD","CPI","TOT","AGRWTH","A","2011",2.844386,
"OECD","CPI","TOT","AGRWTH","A","2012",2.238888,
"OECD","CPI","TOT","AGRWTH","A","2013",1.599716,
"OECD","CPI","TOT","AGRWTH","A","2014",1.738279,
"OECD","CPI","TOT","AGRWTH","A","2015",0.6872758,
"OECD","CPI","TOT","AGRWTH","A","2016",1.204285,
"OECD","CPI","TOT","AGRWTH","A","2017",2.280801,
"OECD","CPI","TOT","AGRWTH","A","2018",2.603209,
"OECD","CPI","TOT","AGRWTH","A","2019",2.067762,
"G-7","CPI","TOT","AGRWTH","A","2005",2.418255,
"G-7","CPI","TOT","AGRWTH","A","2006",2.430011,
"G-7","CPI","TOT","AGRWTH","A","2007",2.238979,
"G-7","CPI","TOT","AGRWTH","A","2008",3.25139,
"G-7","CPI","TOT","AGRWTH","A","2009",-0.1280375,
"G-7","CPI","TOT","AGRWTH","A","2010",1.349712,
"G-7","CPI","TOT","AGRWTH","A","2011",2.571168,
"G-7","CPI","TOT","AGRWTH","A","2012",1.863285,
"G-7","CPI","TOT","AGRWTH","A","2013",1.313772,
"G-7","CPI","TOT","AGRWTH","A","2014",1.553682,
"G-7","CPI","TOT","AGRWTH","A","2015",0.2973373,
"G-7","CPI","TOT","AGRWTH","A","2016",0.8681757,
"G-7","CPI","TOT","AGRWTH","A","2017",1.767112,
"G-7","CPI","TOT","AGRWTH","A","2018",2.085427,
"G-7","CPI","TOT","AGRWTH","A","2019",1.524286,
"OECDE","CPI","TOT","AGRWTH","A","2005",2.363125,
"OECDE","CPI","TOT","AGRWTH","A","2006",2.527921,
"OECDE","CPI","TOT","AGRWTH","A","2007",2.626704,
"OECDE","CPI","TOT","AGRWTH","A","2008",3.846672,
"OECDE","CPI","TOT","AGRWTH","A","2009",1.116789,
"OECDE","CPI","TOT","AGRWTH","A","2010",2.176898,
"OECDE","CPI","TOT","AGRWTH","A","2011",3.066629,
"OECDE","CPI","TOT","AGRWTH","A","2012",2.849361,
"OECDE","CPI","TOT","AGRWTH","A","2013",1.821685,
"OECDE","CPI","TOT","AGRWTH","A","2014",1.246708,
"OECDE","CPI","TOT","AGRWTH","A","2015",0.7352579,
"OECDE","CPI","TOT","AGRWTH","A","2016",1.007307,
"OECDE","CPI","TOT","AGRWTH","A","2017",2.483047,
"OECDE","CPI","TOT","AGRWTH","A","2018",3.015993,
"OECDE","CPI","TOT","AGRWTH","A","2019",2.608181,
"COL","CPI","TOT","AGRWTH","A","2005",5.05142,
"COL","CPI","TOT","AGRWTH","A","2006",4.29245,
"COL","CPI","TOT","AGRWTH","A","2007",5.545141,
"COL","CPI","TOT","AGRWTH","A","2008",6.99855,
"COL","CPI","TOT","AGRWTH","A","2009",4.201045,
"COL","CPI","TOT","AGRWTH","A","2010",2.271183,
"COL","CPI","TOT","AGRWTH","A","2011",3.41759,
"COL","CPI","TOT","AGRWTH","A","2012",3.167325,
"COL","CPI","TOT","AGRWTH","A","2013",2.018099,
"COL","CPI","TOT","AGRWTH","A","2014",2.897819,
"COL","CPI","TOT","AGRWTH","A","2015",4.990234,
"COL","CPI","TOT","AGRWTH","A","2016",7.514293,
"COL","CPI","TOT","AGRWTH","A","2017",4.312141,
"COL","CPI","TOT","AGRWTH","A","2018",3.240234,
"COL","CPI","TOT","AGRWTH","A","2019",3.525493,
"LVA","CPI","TOT","AGRWTH","A","2005",6.748452,
"LVA","CPI","TOT","AGRWTH","A","2006",6.536199,
"LVA","CPI","TOT","AGRWTH","A","2007",10.09298,
"LVA","CPI","TOT","AGRWTH","A","2008",15.40232,
"LVA","CPI","TOT","AGRWTH","A","2009",3.534107,
"LVA","CPI","TOT","AGRWTH","A","2010",-1.084636,
"LVA","CPI","TOT","AGRWTH","A","2011",4.370736,
"LVA","CPI","TOT","AGRWTH","A","2012",2.257789,
"LVA","CPI","TOT","AGRWTH","A","2013",-0.02945478,
"LVA","CPI","TOT","AGRWTH","A","2014",0.6204923,
"LVA","CPI","TOT","AGRWTH","A","2015",0.1742414,
"LVA","CPI","TOT","AGRWTH","A","2016",0.1406308,
"LVA","CPI","TOT","AGRWTH","A","2017",2.930369,
"LVA","CPI","TOT","AGRWTH","A","2018",2.53446,
"LVA","CPI","TOT","AGRWTH","A","2019",2.811403,
"SAU","CPI","TOT","AGRWTH","A","2005",0.4792332,
"SAU","CPI","TOT","AGRWTH","A","2006",2.20902,
"SAU","CPI","TOT","AGRWTH","A","2007",4.167827,
"SAU","CPI","TOT","AGRWTH","A","2008",9.870246,
"SAU","CPI","TOT","AGRWTH","A","2009",5.057225,
"SAU","CPI","TOT","AGRWTH","A","2010",5.339416,
"SAU","CPI","TOT","AGRWTH","A","2011",5.826217,"B"
"SAU","CPI","TOT","AGRWTH","A","2012",2.86627,
"SAU","CPI","TOT","AGRWTH","A","2013",3.532522,
"SAU","CPI","TOT","AGRWTH","A","2014",2.23629,
"SAU","CPI","TOT","AGRWTH","A","2015",1.206073,
"SAU","CPI","TOT","AGRWTH","A","2016",2.06884,
"SAU","CPI","TOT","AGRWTH","A","2017",-0.8381946,
"SAU","CPI","TOT","AGRWTH","A","2018",2.458142,
"SAU","CPI","TOT","AGRWTH","A","2019",-2.093333,
"EU28","CPI","TOT","AGRWTH","A","2005",2.3,
"EU28","CPI","TOT","AGRWTH","A","2006",2.3,
"EU28","CPI","TOT","AGRWTH","A","2007",2.4,
"EU28","CPI","TOT","AGRWTH","A","2008",3.7,
"EU28","CPI","TOT","AGRWTH","A","2009",0.8,
"EU28","CPI","TOT","AGRWTH","A","2010",1.8,
"EU28","CPI","TOT","AGRWTH","A","2011",2.9,
"EU28","CPI","TOT","AGRWTH","A","2012",2.6,
"EU28","CPI","TOT","AGRWTH","A","2013",1.3,
"EU28","CPI","TOT","AGRWTH","A","2014",0.4,
"EU28","CPI","TOT","AGRWTH","A","2015",0.1,
"EU28","CPI","TOT","AGRWTH","A","2016",0.2,
"EU28","CPI","TOT","AGRWTH","A","2017",1.6,
"EU28","CPI","TOT","AGRWTH","A","2018",1.8,
"EU28","CPI","TOT","AGRWTH","A","2019",1.4,
"EA19","CPI","TOT","AGRWTH","A","2005",2.2,
"EA19","CPI","TOT","AGRWTH","A","2006",2.2,
"EA19","CPI","TOT","AGRWTH","A","2007",2.2,
"EA19","CPI","TOT","AGRWTH","A","2008",3.3,
"EA19","CPI","TOT","AGRWTH","A","2009",0.3,
"EA19","CPI","TOT","AGRWTH","A","2010",1.6,
"EA19","CPI","TOT","AGRWTH","A","2011",2.7,
"EA19","CPI","TOT","AGRWTH","A","2012",2.5,
"EA19","CPI","TOT","AGRWTH","A","2013",1.3,
"EA19","CPI","TOT","AGRWTH","A","2014",0.4,
"EA19","CPI","TOT","AGRWTH","A","2015",0.2,
"EA19","CPI","TOT","AGRWTH","A","2016",0.2,
"EA19","CPI","TOT","AGRWTH","A","2017",1.5,
"EA19","CPI","TOT","AGRWTH","A","2018",1.8,
"EA19","CPI","TOT","AGRWTH","A","2019",1.2,
"ARG","CPI","TOT","AGRWTH","A","2018",34.27723,
"ARG","CPI","TOT","AGRWTH","A","2019",53.54831,
"LTU","CPI","TOT","AGRWTH","A","2005",2.658485,
"LTU","CPI","TOT","AGRWTH","A","2006",3.73912,
"LTU","CPI","TOT","AGRWTH","A","2007",5.737174,
"LTU","CPI","TOT","AGRWTH","A","2008",10.92589,
"LTU","CPI","TOT","AGRWTH","A","2009",4.453044,
"LTU","CPI","TOT","AGRWTH","A","2010",1.319214,
"LTU","CPI","TOT","AGRWTH","A","2011",4.130276,
"LTU","CPI","TOT","AGRWTH","A","2012",3.089983,
"LTU","CPI","TOT","AGRWTH","A","2013",1.047479,
"LTU","CPI","TOT","AGRWTH","A","2014",0.103758,
"LTU","CPI","TOT","AGRWTH","A","2015",-0.8840974,
"LTU","CPI","TOT","AGRWTH","A","2016",0.9055251,
"LTU","CPI","TOT","AGRWTH","A","2017",3.722889,
"LTU","CPI","TOT","AGRWTH","A","2018",2.697928,
"LTU","CPI","TOT","AGRWTH","A","2019",2.334509,
"CRI","CPI","TOT","AGRWTH","A","2005",13.7978,
"CRI","CPI","TOT","AGRWTH","A","2006",11.47075,
"CRI","CPI","TOT","AGRWTH","A","2007",9.357221,
"CRI","CPI","TOT","AGRWTH","A","2008",13.42473,
"CRI","CPI","TOT","AGRWTH","A","2009",7.842546,
"CRI","CPI","TOT","AGRWTH","A","2010",5.662692,
"CRI","CPI","TOT","AGRWTH","A","2011",4.878146,
"CRI","CPI","TOT","AGRWTH","A","2012",4.495378,
"CRI","CPI","TOT","AGRWTH","A","2013",5.231241,
"CRI","CPI","TOT","AGRWTH","A","2014",4.519381,
"CRI","CPI","TOT","AGRWTH","A","2015",0.8019475,
"CRI","CPI","TOT","AGRWTH","A","2016",-0.01755731,
"CRI","CPI","TOT","AGRWTH","A","2017",1.625723,
"CRI","CPI","TOT","AGRWTH","A","2018",2.221198,
"CRI","CPI","TOT","AGRWTH","A","2019",2.096197,
"G-20","CPI","TOT","AGRWTH","A","2005",3.289191,
"G-20","CPI","TOT","AGRWTH","A","2006",3.325486,
"G-20","CPI","TOT","AGRWTH","A","2007",3.378879,
"G-20","CPI","TOT","AGRWTH","A","2008",4.96488,
"G-20","CPI","TOT","AGRWTH","A","2009",2.02276,
"G-20","CPI","TOT","AGRWTH","A","2010",3.289634,
"G-20","CPI","TOT","AGRWTH","A","2011",4.164381,
"G-20","CPI","TOT","AGRWTH","A","2012",3.257461,
"G-20","CPI","TOT","AGRWTH","A","2013",3.153913,
"G-20","CPI","TOT","AGRWTH","A","2014",2.767075,
"G-20","CPI","TOT","AGRWTH","A","2015",2.351524,
"G-20","CPI","TOT","AGRWTH","A","2016",2.240881,
"G-20","CPI","TOT","AGRWTH","A","2017",2.334376,
"G-20","CPI","TOT","AGRWTH","A","2018",3.111087,
"G-20","CPI","TOT","AGRWTH","A","2019",3.454015,
